title,price,link
"Жіночий домашній комплект трійка, Жіноча піжама, Костюм для дому 3в1, Яскрава піжама 3в1",500 ₴,https://prom.ua/ua/p2143924717-zhenskij-domashnij-komplekt.html
Жіноча піжама біло рожева з леопардовим принтом Жіночий комплект для дому/ Домашній одяг розмір S,595 ₴,https://prom.ua/ua/p2408538842-zhenskaya-pizhama-belo.html
"Атласна жіноча піжама Classic з шортами, Шикарний комплект піжами, Жіноча чорна піжама з білим кантом",580 ₴,https://prom.ua/ua/p2398338743-atlasnaya-zhenskaya-pizhama.html
"Красива жіноча піжама в білому кольорі Шортики з розрізами та Футболка ТОП в розмірі S Одяг для дому та сну, комплект для дому",495 ₴/комплект,https://prom.ua/ua/p2446921025-zhenskaya-pizhama-belom.html
Халат жіночий велюр-плюш на блискавці з кишенями,590 ₴,https://prom.ua/ua/p1539955401-halat-zhinochij-velyur.html
Нічна сорочка бавовна 58-60 бузкова Dollar Club 158,300 ₴,https://prom.ua/ua/p1579836021-nochnaya-rubashka-hlopok.html
"Жіноча шовкова піжама на ґудзиках (чорна, синя, пляшка) 42-46 і 48-52 розміри",790 ₴,https://prom.ua/ua/p2365602486-zhenskaya-shelkovaya-pizhama.html
Нічна сорочка бавовна Turksell 58-60 бузкова,270 ₴,https://prom.ua/ua/p2141017373-nochnaya-rubashka-hlopok.html
"Теплий короткий жіночий махровий банний халат на запах Шарпей 42,44,46р, доставка по Україні",850 ₴,https://prom.ua/ua/p1112312415-modnyj-korotkij-zhenskij.html
Жіноча атласна піжама фіолетова комплект майка шорти,300 ₴,https://prom.ua/ua/p951956852-zhenskaya-atlasnaya-pizhama.html
Нічна сорочка 50-52,225 ₴,https://prom.ua/ua/p1127338155-nochnaya-rubashka.html
"Літня жіноча сорочка для сну, колір мяти, бавовна, домашній одяг, розмір 52-54 ( 2, 3XL)",450 ₴,https://prom.ua/ua/p1327744892-zhenskaya-sorochka-dlya.html
Халат жіночий довгий шовковий Чорний,800 ₴,https://prom.ua/ua/p2043840115-halat-zhenskij-dlinnyj.html
Жіноча трикотажна нічна-туніка 2 кнопки 44 розмір,350 ₴,https://prom.ua/ua/p1674855472-zhenskaya-trikotazhnaya-nochnushka.html
"Жіноча піжама з принтом, колір сірий, розмір L, 238R3144",244 ₴,https://prom.ua/ua/p2583620144-pizhama-zhenskaya-printom.html
"Жіночий літній халат на блискавці з бавовни, з кишенями, великого розміру р-48-66 жіночі халати на літо",530 ₴,https://prom.ua/ua/p2564423445-zhenskij-letnij-halat.html
"Жіночий велюровий домашній костюм: кофта з капюшоном та штани з кишенями, батал великі розміри",636 ₴,https://prom.ua/ua/p2466343479-zhenskij-velyurovyj-domashnij.html
"Жіночий халат літній на блискавці бавовна, хатній халатик жіночий із кишенями",248 ₴,https://prom.ua/ua/p1586979521-zhenskij-halat-letnij.html
Нічна сорочка(ночнушка женская),350 ₴,https://prom.ua/ua/p2427824908-nichna-sorochkanochnushka-zhenskaya.html
"Жіночі піжамні шорти, розмір XL, колір чорний",130 ₴,https://prom.ua/ua/p1501807458-zhenskie-pizhamnye-shorty.html
SUPRUN жіночий шовковий червоний халат з пухом розмір S,2 399 ₴,https://prom.ua/ua/p2344902956-suprun-zhenskij-shelkovyj.html
Піжама жіноча шорти і футболка бавовна Туреччина колір голубий,641 ₴,https://prom.ua/ua/p1373443229-pizhama-zhenskaya-shorty.html
Піжама жіноча шовкова чорна Mia-Mia Валенсія 3262 L,2 415 ₴,https://prom.ua/ua/p2007255068-pizhama-zhenskaya-shelkovaya.html
Комплект піжама + халат із мусліну XL,1 499 ₴,https://prom.ua/ua/p1961190173-komplekt-pizhama-halat.html
"Еротичний пеньюар Сюрприз для спокуси з бантом на грудях, Красивий жіночий пеньюар, Пеньюар L",420 ₴,https://prom.ua/ua/p2092150205-eroticheskij-penyuar-syurpriz.html
Піжама з шортами та футболкою жіноча ТУРЦІЯ GREEN VIENETTA S,540 ₴,https://prom.ua/ua/p2146887157-pizhama-shortami-futbolkoj.html
Теплий зимовий довгий халат ШАРПЕЙ на запах з поясом,1 650 ₴,https://prom.ua/ua/p2395519556-teplij-zimovij-dovgij.html
"Пеньюар сексуальний з атласу рожевого кольору з принтом Нічна сорочка, XL",365 ₴,https://prom.ua/ua/p2017242221-rozovyj-atlasnyj-penyuar.html
"Сорочка з атласу сірого кольору, сексуальний короткий пеньюар Нічна сорочка, XL",365 ₴,https://prom.ua/ua/p2017242225-aatlasnyj-penyuar-serogo.html
"Теплий красивий жіночий махровий халат Шарпей 46/48,50, доставка по Україні Укрпошта, НП",1 050 ₴,https://prom.ua/ua/p1655362341-teplyj-zhenskij-mahrovyj.html
"Піжамні плюшеві штани Hello Kitty, рожеві, розмір 2XL - затишок та стиль для сну та відпочинку",576.70 ₴,https://prom.ua/ua/p2221379301-pizhamnye-plyushevye-shtany.html
Жіночий атласний халат і піжама двійка рожевий,640 ₴,https://prom.ua/ua/p1958507729-zhenskij-atlasnyj-halat.html
Халат жіночий байковий на ґудзиках із поясом,390 ₴,https://prom.ua/ua/p2120572525-halat-zhenskij-bajkovyj.html
"Халат флісовий сірий, флісовий халат від виробника Ярослав",730.41 ₴,https://prom.ua/ua/p1677097856-halat-flisovyj-seryj.html
"Нічна бабусина сорочка великого розміру, нічна сорочка жіноча батальний розмір 62 64 66 68 р",від 195.50 ₴,https://prom.ua/ua/p2123121941-nochnushka-babushkina-sorochka.html
Ніжний домашній халат з вафельного трикотажу,1 199 ₴,https://prom.ua/ua/p2331751717-nezhnyj-halat-vafelnogo.html
Жіночий комплект для вагітних халат із нічним літнім зеленим 44-58р.,565 ₴,https://prom.ua/ua/p1163266473-zhenskij-komplekt-dlya.html
Жіночий велюровий домашній халат чорний з мереживом на запах з поясом,400 ₴,https://prom.ua/ua/p1958523976-zhenskij-velyurovyj-domashnij.html
"Халат жіночий велюровий на блискавці з кишенями та комірцем, розмір 46/48",450 ₴,https://prom.ua/ua/p2268597704-halat-zhenskij-velyurovyj.html
Махровий жіночий халат Шарпей довгий,1 100 ₴,https://prom.ua/ua/p1891697122-mahrovij-zhinochij-halat.html
